"date","mean_temp","weather"
2011-01-01,15,"Rain"
2011-01-02,7,"Rain"
2011-01-03,3,"Sunny"
2011-01-04,8,"Sunny"
2011-01-05,6,"Rain"
2011-01-06,6,"Sunny"
2011-01-07,8,"Sunny"
2011-01-08,3,"Sunny"
2011-01-09,-3,"Rain"
2011-01-10,-2,"Rain"
2011-01-11,0,"Rain"
2011-01-12,-4,"Rain"
2011-01-13,-3,"Sunny"
2011-01-14,0,"Sunny"
2011-01-15,3,"Sunny"
2011-01-16,6,"Sunny"
2011-01-17,6,"Rain"
2011-01-18,6,"Rain"
2011-01-19,7,"Rain"
2011-01-20,4,"Rain"
2011-01-21,1,"Rain"
2011-01-22,1,"Sunny"
2011-01-23,3,"Sunny"
2011-01-24,7,"Sunny"
2011-01-25,4,"Rain"
2011-01-26,3,"Rain"
2011-01-27,4,"Sunny"
2011-01-28,8,"Sunny"
2011-01-29,12,"Sunny"
2011-01-30,15,"Sunny"
2011-01-31,11,"Rain"
2011-02-01,9,"Rain"
2011-02-02,6,"Foggy"
2011-02-03,1,"Rain"
2011-02-04,3,"Rain"
2011-02-05,4,"Rain"
2011-02-06,6,"Sunny"
2011-02-07,6,"Rain"
2011-02-08,3,"Sunny"
2011-02-09,2,"Rain"
2011-02-10,3,"Rain"
2011-02-11,3,"Sunny"
2011-02-12,6,"Sunny"
2011-02-13,10,"Sunny"
2011-02-14,13,"Sunny"
2011-02-15,11,"Sunny"
2011-02-16,12,"Sunny"
2011-02-17,15,"Foggy"
2011-02-18,16,"Sunny"
2011-02-19,17,"Sunny"
2011-02-20,14,"Sunny"
2011-02-21,17,"Sunny"
2011-02-22,16,"Sunny"
2011-02-23,13,"Sunny"
2011-02-24,16,"Sunny"
2011-02-25,14,"Rain"
2011-02-26,12,"Sunny"
2011-02-27,18,"Sunny"
2011-02-28,19,"Rain"
2011-03-01,13,"Sunny"
2011-03-02,13,"Sunny"
2011-03-03,14,"Sunny"
2011-03-04,10,"Sunny"
2011-03-05,12,"Rain"
2011-03-06,9,"Rain"
2011-03-07,7,"Sunny"
2011-03-08,11,"Rain"
2011-03-09,13,"Rain"
2011-03-10,9,"Rain"
2011-03-11,8,"Sunny"
2011-03-12,13,"Sunny"
2011-03-13,16,"Sunny"
2011-03-14,17,"Sunny"
2011-03-15,12,"Rain"
2011-03-16,10,"Sunny"
2011-03-17,15,"Sunny"
2011-03-18,19,"Sunny"
2011-03-19,21,"Sunny"
2011-03-20,18,"Sunny"
2011-03-21,19,"Sunny"
2011-03-22,21,"Sunny"
2011-03-23,22,"Sunny"
2011-03-24,14,"Rain"
2011-03-25,12,"Sunny"
2011-03-26,14,"Rain"
2011-03-27,12,"Rain"
2011-03-28,8,"Rain"
2011-03-29,9,"Rain"
2011-03-30,13,"Rain"
2011-03-31,10,"Sunny"
2011-04-01,9,"Rain"
2011-04-02,13,"Sunny"
2011-04-03,17,"Sunny"
2011-04-04,21,"Rain"
2011-04-05,12,"Rain"
2011-04-06,13,"Sunny"
2011-04-07,16,"Sunny"
2011-04-08,21,"Sunny"
2011-04-09,25,"Sunny"
2011-04-10,23,"Sunny"
2011-04-11,23,"Rain"
2011-04-12,17,"Rain"
2011-04-13,16,"Sunny"
2011-04-14,18,"Sunny"
2011-04-15,18,"Rain"
2011-04-16,14,"Rain"
2011-04-17,15,"Sunny"
2011-04-18,18,"Sunny"
2011-04-19,22,"Sunny"
2011-04-20,21,"Sunny"
2011-04-21,22,"Rain"
2011-04-22,18,"Rain"
2011-04-23,19,"Foggy"
2011-04-24,22,"Sunny"
2011-04-25,24,"Rain"
2011-04-26,23,"Sunny"
2011-04-27,24,"Rain"
2011-04-28,17,"Rain"
2011-04-29,17,"Sunny"
2011-04-30,19,"Sunny"
2011-05-01,21,"Sunny"
2011-05-02,22,"Sunny"
2011-05-03,19,"Rain"
2011-05-04,13,"Rain"
2011-05-05,13,"Sunny"
2011-05-06,17,"Sunny"
2011-05-07,18,"Sunny"
2011-05-08,21,"Sunny"
2011-05-09,24,"Sunny"
2011-05-10,26,"Sunny"
2011-05-11,26,"Sunny"
2011-05-12,26,"Sunny"
2011-05-13,24,"Sunny"
2011-05-14,21,"Rain"
2011-05-15,16,"Sunny"
2011-05-16,15,"Rain"
2011-05-17,14,"Sunny"
2011-05-18,13,"Sunny"
2011-05-19,18,"Sunny"
2011-05-20,23,"Sunny"
2011-05-21,25,"Sunny"
2011-05-22,27,"Sunny"
2011-05-23,26,"Sunny"
2011-05-24,26,"Sunny"
2011-05-25,26,"Sunny"
2011-05-26,24,"Rain"
2011-05-27,23,"Rain"
2011-05-28,24,"Foggy"
2011-05-29,26,"Sunny"
2011-05-30,27,"Sunny"
2011-05-31,28,"Sunny"
2011-06-01,29,"Sunny"
2011-06-02,29,"Sunny"
2011-06-03,29,"Sunny"
2011-06-04,28,"Sunny"
2011-06-05,28,"Sunny"
2011-06-06,27,"Sunny"
2011-06-07,28,"Sunny"
2011-06-08,28,"Sunny"
2011-06-09,29,"Sunny"
2011-06-10,28,"Sunny"
2011-06-11,27,"Rain"
2011-06-12,27,"Sunny"
2011-06-13,28,"Sunny"
2011-06-14,28,"Sunny"
2011-06-15,27,"Rain"
2011-06-16,26,"Rain"
2011-06-17,26,"Rain"
2011-06-18,26,"Rain"
2011-06-19,27,"Sunny"
2011-06-20,29,"Sunny"
2011-06-21,30,"Sunny"
2011-06-22,27,"Rain"
2011-06-23,25,"Rain"
2011-06-24,27,"Rain"
2011-06-25,26,"Sunny"
2011-06-26,27,"Rain"
2011-06-27,26,"Rain"
2011-06-28,27,"Sunny"
2011-06-29,26,"Sunny"
2011-06-30,28,"Sunny"
2011-07-01,29,"Rain"
2011-07-02,29,"Rain"
2011-07-03,29,"Rain"
2011-07-04,27,"Rain"
2011-07-05,27,"Rain"
2011-07-06,27,"Sunny"
2011-07-07,29,"Sunny"
2011-07-08,29,"Rain"
2011-07-09,28,"Rain"
2011-07-10,28,"Sunny"
2011-07-11,29,"Sunny"
2011-07-12,30,"Rain"
2011-07-13,31,"Rain"
2011-07-14,28,"Rain"
2011-07-15,24,"Rain"
2011-07-16,24,"Rain"
2011-07-17,26,"Rain"
2011-07-18,27,"Sunny"
2011-07-19,29,"Rain"
2011-07-20,28,"Rain"
2011-07-21,28,"Rain"
2011-07-22,29,"Sunny"
2011-07-23,28,"Sunny"
2011-07-24,28,"Sunny"
2011-07-25,28,"Rain"
2011-07-26,29,"Rain"
2011-07-27,29,"Sunny"
2011-07-28,28,"Rain"
2011-07-29,28,"Sunny"
2011-07-30,30,"Rain"
2011-07-31,29,"Sunny"
2011-08-01,29,"Rain"
2011-08-02,30,"Sunny"
2011-08-03,31,"Sunny"
2011-08-04,26,"Rain"
2011-08-05,29,"Sunny"
2011-08-06,29,"Rain"
2011-08-07,29,"Rain"
2011-08-08,29,"Rain"
2011-08-09,28,"Sunny"
2011-08-10,29,"Sunny"
2011-08-11,29,"Sunny"
2011-08-12,29,"Sunny"
2011-08-13,29,"Rain"
2011-08-14,29,"Sunny"
2011-08-15,26,"Sunny"
2011-08-16,26,"Sunny"
2011-08-17,28,"Sunny"
2011-08-18,28,"Sunny"
2011-08-19,29,"Sunny"
2011-08-20,29,"Rain"
2011-08-21,28,"Rain"
2011-08-22,30,"Sunny"
2011-08-23,28,"Sunny"
2011-08-24,27,"Sunny"
2011-08-25,28,"Sunny"
2011-08-26,31,"Sunny"
2011-08-27,29,"Sunny"
2011-08-28,28,"Sunny"
2011-08-29,28,"Sunny"
2011-08-30,27,"Sunny"
2011-08-31,28,"Sunny"
2011-09-01,29,"Sunny"
2011-09-02,29,"Sunny"
2011-09-03,29,"Sunny"
2011-09-04,24,"Rain"
2011-09-05,24,"Rain"
2011-09-06,19,"Rain"
2011-09-07,18,"Sunny"
2011-09-08,19,"Sunny"
2011-09-09,21,"Sunny"
2011-09-10,22,"Sunny"
2011-09-11,23,"Sunny"
2011-09-12,24,"Sunny"
2011-09-13,25,"Sunny"
2011-09-14,26,"Sunny"
2011-09-15,23,"Sunny"
2011-09-16,18,"Sunny"
2011-09-17,20,"Sunny"
2011-09-18,20,"Sunny"
2011-09-19,21,"Sunny"
2011-09-20,23,"Rain"
2011-09-21,26,"Rain"
2011-09-22,24,"Rain"
2011-09-23,23,"Rain"
2011-09-24,22,"Sunny"
2011-09-25,24,"Sunny"
2011-09-26,26,"Rain"
2011-09-27,24,"Sunny"
2011-09-28,22,"Sunny"
2011-09-29,23,"Sunny"
2011-09-30,20,"Sunny"
2011-10-01,14,"Sunny"
2011-10-02,14,"Sunny"
2011-10-03,16,"Sunny"
2011-10-04,18,"Sunny"
2011-10-05,21,"Sunny"
2011-10-06,21,"Sunny"
2011-10-07,21,"Sunny"
2011-10-08,20,"Sunny"
2011-10-09,19,"Sunny"
2011-10-10,19,"Rain"
2011-10-11,17,"Rain"
2011-10-12,19,"Sunny"
2011-10-13,19,"Rain"
2011-10-14,19,"Sunny"
2011-10-15,20,"Sunny"
2011-10-16,19,"Sunny"
2011-10-17,22,"Sunny"
2011-10-18,21,"Rain"
2011-10-19,14,"Rain"
2011-10-20,11,"Sunny"
2011-10-21,11,"Sunny"
2011-10-22,13,"Sunny"
2011-10-23,14,"Sunny"
2011-10-24,18,"Rain"
2011-10-25,18,"Sunny"
2011-10-26,18,"Sunny"
2011-10-27,19,"Sunny"
2011-10-28,17,"Rain"
2011-10-29,11,"Rain"
2011-10-30,10,"Sunny"
2011-10-31,11,"Sunny"
2011-11-01,13,"Sunny"
2011-11-02,13,"Sunny"
2011-11-03,14,"Rain"
2011-11-04,12,"Sunny"
2011-11-05,11,"Sunny"
2011-11-06,13,"Sunny"
2011-11-07,16,"Sunny"
2011-11-08,16,"Sunny"
2011-11-09,17,"Rain"
2011-11-10,11,"Rain"
2011-11-11,7,"Sunny"
2011-11-12,9,"Sunny"
2011-11-13,15,"Sunny"
2011-11-14,19,"Sunny"
2011-11-15,20,"Rain"
2011-11-16,19,"Rain"
2011-11-17,9,"Rain"
2011-11-18,6,"Sunny"
2011-11-19,12,"Sunny"
2011-11-20,16,"Rain"
2011-11-21,21,"Foggy"
2011-11-22,20,"Rain"
2011-11-23,13,"Sunny"
2011-11-24,12,"Sunny"
2011-11-25,12,"Sunny"
2011-11-26,16,"Sunny"
2011-11-27,19,"Rain"
2011-11-28,12,"Rain"
2011-11-29,3,"Rain"
2011-11-30,5,"Sunny"
2011-12-01,7,"Sunny"
2011-12-02,9,"Sunny"
2011-12-03,10,"Sunny"
2011-12-04,12,"Sunny"
2011-12-05,16,"Sunny"
2011-12-06,18,"Rain"
2011-12-07,9,"Rain"
2011-12-08,6,"Sunny"
2011-12-09,8,"Sunny"
2011-12-10,7,"Sunny"
2011-12-11,6,"Rain"
2011-12-12,8,"Sunny"
2011-12-13,13,"Sunny"
2011-12-14,14,"Sunny"
2011-12-15,16,"Sunny"
2011-12-16,16,"Rain"
2011-12-17,8,"Sunny"
2011-12-18,7,"Sunny"
2011-12-19,8,"Sunny"
2011-12-20,12,"Rain"
2011-12-21,17,"Rain"
2011-12-22,16,"Rain"
2011-12-23,10,"Sunny"
2011-12-24,9,"Sunny"
2011-12-25,8,"Rain"
2011-12-26,7,"Rain"
2011-12-27,8,"Rain"
2011-12-28,7,"Sunny"
2011-12-29,7,"Sunny"
2011-12-30,11,"Sunny"
2011-12-31,13,"Sunny"
2012-01-01,12,"Sunny"
2012-01-02,4,"Sunny"
2012-01-03,-2,"Sunny"
2012-01-04,3,"Sunny"
2012-01-05,9,"Sunny"
2012-01-06,11,"Sunny"
2012-01-07,16,"Sunny"
2012-01-08,13,"Rain"
2012-01-09,16,"Rain"
2012-01-10,14,"Rain"
2012-01-11,13,"Rain"
2012-01-12,7,"Rain"
2012-01-13,0,"Sunny"
2012-01-14,4,"Sunny"
2012-01-15,7,"Sunny"
2012-01-16,8,"Sunny"
2012-01-17,13,"Rain"
2012-01-18,6,"Rain"
2012-01-19,6,"Sunny"
2012-01-20,13,"Rain"
2012-01-21,14,"Rain"
2012-01-22,10,"Rain"
2012-01-23,11,"Rain"
2012-01-24,12,"Foggy"
2012-01-25,12,"Sunny"
2012-01-26,17,"Rain"
2012-01-27,12,"Rain"
2012-01-28,11,"Sunny"
2012-01-29,6,"Sunny"
2012-01-30,8,"Sunny"
2012-01-31,11,"Sunny"
2012-02-01,14,"Rain"
2012-02-02,15,"Sunny"
2012-02-03,12,"Sunny"
2012-02-04,16,"Rain"
2012-02-05,16,"Sunny"
2012-02-06,11,"Sunny"
2012-02-07,11,"Sunny"
2012-02-08,9,"Rain"
2012-02-09,7,"Sunny"
2012-02-10,7,"Rain"
2012-02-11,2,"Sunny"
2012-02-12,-1,"Sunny"
2012-02-13,4,"Rain"
2012-02-14,6,"Rain"
2012-02-15,11,"Sunny"
2012-02-16,13,"Rain"
2012-02-17,13,"Sunny"
2012-02-18,12,"Rain"
2012-02-19,8,"Rain"
2012-02-20,8,"Sunny"
2012-02-21,11,"Sunny"
2012-02-22,14,"Sunny"
2012-02-23,21,"Sunny"
2012-02-24,14,"Rain"
2012-02-25,7,"Sunny"
2012-02-26,9,"Sunny"
2012-02-27,14,"Sunny"
2012-02-28,13,"Rain"
2012-02-29,18,"Rain"
2012-03-01,21,"Rain"
2012-03-02,21,"Rain"
2012-03-03,14,"Rain"
2012-03-04,8,"Sunny"
2012-03-05,10,"Sunny"
2012-03-06,9,"Sunny"
2012-03-07,14,"Sunny"
2012-03-08,17,"Sunny"
2012-03-09,15,"Rain"
2012-03-10,12,"Sunny"
2012-03-11,13,"Sunny"
2012-03-12,17,"Rain"
2012-03-13,20,"Rain"
2012-03-14,22,"Sunny"
2012-03-15,22,"Rain"
2012-03-16,22,"Sunny"
2012-03-17,22,"Rain"
2012-03-18,22,"Sunny"
2012-03-19,22,"Sunny"
2012-03-20,23,"Sunny"
2012-03-21,21,"Sunny"
2012-03-22,22,"Rain"
2012-03-23,20,"Rain"
2012-03-24,19,"Rain"
2012-03-25,16,"Sunny"
2012-03-26,20,"Sunny"
2012-03-27,20,"Sunny"
2012-03-28,21,"Sunny"
2012-03-29,21,"Sunny"
2012-03-30,21,"Rain"
2012-03-31,22,"Rain"
2012-04-01,22,"Sunny"
2012-04-02,24,"Sunny"
2012-04-03,24,"Sunny"
2012-04-04,23,"Rain"
2012-04-05,19,"Rain"
2012-04-06,16,"Sunny"
2012-04-07,16,"Sunny"
2012-04-08,19,"Sunny"
2012-04-09,19,"Sunny"
2012-04-10,19,"Rain"
2012-04-11,14,"Sunny"
2012-04-12,12,"Sunny"
2012-04-13,16,"Sunny"
2012-04-14,18,"Sunny"
2012-04-15,21,"Sunny"
2012-04-16,19,"Rain"
2012-04-17,22,"Rain"
2012-04-18,17,"Rain"
2012-04-19,17,"Sunny"
2012-04-20,18,"Foggy"
2012-04-21,21,"Rain"
2012-04-22,14,"Sunny"
2012-04-23,11,"Sunny"
2012-04-24,13,"Sunny"
2012-04-25,19,"Sunny"
2012-04-26,22,"Sunny"
2012-04-27,22,"Sunny"
2012-04-28,23,"Sunny"
2012-04-29,24,"Foggy"
2012-04-30,25,"Sunny"
2012-05-01,26,"Sunny"
2012-05-02,26,"Sunny"
2012-05-03,24,"Sunny"
2012-05-04,24,"Rain"
2012-05-05,26,"Sunny"
2012-05-06,25,"Rain"
2012-05-07,23,"Rain"
2012-05-08,24,"Rain"
2012-05-09,17,"Rain"
2012-05-10,18,"Sunny"
2012-05-11,19,"Sunny"
2012-05-12,21,"Rain"
2012-05-13,18,"Rain"
2012-05-14,22,"Rain"
2012-05-15,22,"Sunny"
2012-05-16,23,"Sunny"
2012-05-17,23,"Rain"
2012-05-18,22,"Sunny"
2012-05-19,23,"Sunny"
2012-05-20,23,"Rain"
2012-05-21,24,"Rain"
2012-05-22,22,"Rain"
2012-05-23,22,"Sunny"
2012-05-24,24,"Sunny"
2012-05-25,27,"Sunny"
2012-05-26,28,"Sunny"
2012-05-27,27,"Sunny"
2012-05-28,27,"Sunny"
2012-05-29,26,"Sunny"
2012-05-30,26,"Rain"
2012-05-31,27,"Sunny"
2012-06-01,22,"Rain"
2012-06-02,19,"Sunny"
2012-06-03,23,"Rain"
2012-06-04,23,"Rain"
2012-06-05,22,"Rain"
2012-06-06,23,"Sunny"
2012-06-07,23,"Sunny"
2012-06-08,24,"Sunny"
2012-06-09,24,"Sunny"
2012-06-10,22,"Rain"
2012-06-11,23,"Rain"
2012-06-12,26,"Sunny"
2012-06-13,26,"Rain"
2012-06-14,26,"Rain"
2012-06-15,25,"Sunny"
2012-06-16,23,"Sunny"
2012-06-17,24,"Sunny"
2012-06-18,24,"Sunny"
2012-06-19,26,"Sunny"
2012-06-20,26,"Sunny"
2012-06-21,26,"Sunny"
2012-06-22,28,"Rain"
2012-06-23,28,"Sunny"
2012-06-24,29,"Sunny"
2012-06-25,28,"Sunny"
2012-06-26,28,"Sunny"
2012-06-27,25,"Sunny"
2012-06-28,29,"Sunny"
2012-06-29,32,"Sunny"
2012-06-30,33,"Sunny"
2012-07-01,33,"Sunny"
2012-07-02,28,"Sunny"
2012-07-03,29,"Rain"
2012-07-04,29,"Rain"
2012-07-05,31,"Sunny"
2012-07-06,31,"Rain"
2012-07-07,29,"Sunny"
2012-07-08,30,"Sunny"
2012-07-09,31,"Rain"
2012-07-10,28,"Rain"
2012-07-11,27,"Rain"
2012-07-12,26,"Rain"
2012-07-13,27,"Rain"
2012-07-14,28,"Rain"
2012-07-15,28,"Sunny"
2012-07-16,28,"Rain"
2012-07-17,28,"Rain"
2012-07-18,28,"Rain"
2012-07-19,27,"Sunny"
2012-07-20,26,"Sunny"
2012-07-21,28,"Rain"
2012-07-22,29,"Sunny"
2012-07-23,29,"Rain"
2012-07-24,31,"Sunny"
2012-07-25,31,"Sunny"
2012-07-26,31,"Rain"
2012-07-27,31,"Rain"
2012-07-28,29,"Sunny"
2012-07-29,29,"Sunny"
2012-07-30,29,"Sunny"
2012-07-31,27,"Rain"
2012-08-01,28,"Foggy"
2012-08-02,31,"Rain"
2012-08-03,28,"Rain"
2012-08-04,27,"Sunny"
2012-08-05,28,"Sunny"
2012-08-06,27,"Rain"
2012-08-07,27,"Sunny"
2012-08-08,28,"Rain"
2012-08-09,27,"Rain"
2012-08-10,26,"Sunny"
2012-08-11,26,"Rain"
2012-08-12,24,"Sunny"
2012-08-13,25,"Rain"
2012-08-14,26,"Rain"
2012-08-15,26,"Sunny"
2012-08-16,27,"Sunny"
2012-08-17,27,"Sunny"
2012-08-18,26,"Rain"
2012-08-19,25,"Rain"
2012-08-20,24,"Sunny"
2012-08-21,25,"Sunny"
2012-08-22,24,"Rain"
2012-08-23,26,"Rain"
2012-08-24,26,"Sunny"
2012-08-25,24,"Rain"
2012-08-26,26,"Sunny"
2012-08-27,27,"Sunny"
2012-08-28,25,"Rain"
2012-08-29,27,"Sunny"
2012-08-30,25,"Rain"
2012-08-31,27,"Sunny"
2012-09-01,28,"Sunny"
2012-09-02,27,"Sunny"
2012-09-03,26,"Sunny"
2012-09-04,24,"Rain"
2012-09-05,26,"Sunny"
2012-09-06,26,"Rain"
2012-09-07,28,"Sunny"
2012-09-08,25,"Rain"
2012-09-09,22,"Sunny"
2012-09-10,23,"Sunny"
2012-09-11,23,"Sunny"
2012-09-12,22,"Sunny"
2012-09-13,22,"Rain"
2012-09-14,24,"Rain"
2012-09-15,26,"Sunny"
2012-09-16,26,"Rain"
2012-09-17,24,"Rain"
2012-09-18,22,"Rain"
2012-09-19,20,"Sunny"
2012-09-20,22,"Sunny"
2012-09-21,24,"Foggy"
2012-09-22,24,"Sunny"
2012-09-23,21,"Sunny"
2012-09-24,18,"Sunny"
2012-09-25,20,"Sunny"
2012-09-26,23,"Sunny"
2012-09-27,24,"Sunny"
2012-09-28,25,"Sunny"
2012-09-29,24,"Rain"
2012-09-30,21,"Rain"
2012-10-01,22,"Rain"
2012-10-02,19,"Sunny"
2012-10-03,19,"Sunny"
2012-10-04,22,"Sunny"
2012-10-05,22,"Sunny"
2012-10-06,22,"Sunny"
2012-10-07,16,"Sunny"
2012-10-08,14,"Sunny"
2012-10-09,16,"Sunny"
2012-10-10,17,"Sunny"
2012-10-11,17,"Sunny"
2012-10-12,21,"Sunny"
2012-10-13,20,"Sunny"
2012-10-14,20,"Sunny"
2012-10-15,19,"Rain"
2012-10-16,17,"Sunny"
2012-10-17,17,"Sunny"
2012-10-18,19,"Rain"
2012-10-19,17,"Sunny"
2012-10-20,15,"Sunny"
2012-10-21,17,"Sunny"
2012-10-22,18,"Sunny"
2012-10-23,19,"Sunny"
2012-10-24,19,"Sunny"
2012-10-25,21,"Sunny"
2012-10-26,22,"Sunny"
2012-10-27,16,"Sunny"
2012-10-28,11,"Sunny"
2012-10-29,10,"Sunny"
2012-10-30,9,"Sunny"
2012-10-31,12,"Sunny"
2012-11-01,11,"Sunny"
2012-11-02,17,"Sunny"
2012-11-03,18,"Sunny"
2012-11-04,16,"Rain"
2012-11-05,11,"Rain"
2012-11-06,11,"Rain"
2012-11-07,8,"Rain"
2012-11-08,10,"Sunny"
2012-11-09,12,"Sunny"
2012-11-10,13,"Sunny"
2012-11-11,13,"Sunny"
2012-11-12,15,"Rain"
2012-11-13,8,"Sunny"
2012-11-14,8,"Rain"
2012-11-15,8,"Sunny"
2012-11-16,11,"Sunny"
2012-11-17,11,"Sunny"
2012-11-18,12,"Sunny"
2012-11-19,12,"Sunny"
2012-11-20,16,"Sunny"
2012-11-21,15,"Sunny"
2012-11-22,14,"Sunny"
2012-11-23,15,"Sunny"
2012-11-24,7,"Sunny"
2012-11-25,7,"Sunny"
2012-11-26,11,"Sunny"
2012-11-27,11,"Rain"
2012-11-28,9,"Sunny"
2012-11-29,8,"Sunny"
2012-11-30,12,"Sunny"
2012-12-01,14,"Sunny"
2012-12-02,16,"Sunny"
2012-12-03,16,"Sunny"
2012-12-04,17,"Sunny"
2012-12-05,17,"Sunny"
2012-12-06,14,"Sunny"
2012-12-07,13,"Sunny"
2012-12-08,17,"Rain"
2012-12-09,18,"Sunny"
2012-12-10,15,"Rain"
2012-12-11,6,"Sunny"
2012-12-12,7,"Sunny"
2012-12-13,9,"Sunny"
2012-12-14,9,"Sunny"
2012-12-15,11,"Sunny"
2012-12-16,13,"Rain"
2012-12-17,13,"Rain"
2012-12-18,12,"Sunny"
2012-12-19,13,"Sunny"
2012-12-20,11,"Rain"
2012-12-21,4,"Sunny"
2012-12-22,6,"Sunny"
2012-12-23,8,"Sunny"
2012-12-24,12,"Rain"
2012-12-25,11,"Rain"
2012-12-26,9,"Rain"
2012-12-27,3,"Sunny"
2012-12-28,5,"Rain"
2012-12-29,4,"Rain"
2012-12-30,4,"Sunny"
2012-12-31,6,"Sunny"
2013-01-01,10,"Rain"
2013-01-02,8,"Rain"
2013-01-03,5,"Sunny"
2013-01-04,5,"Sunny"
2013-01-05,4,"Rain"
2013-01-06,8,"Rain"
2013-01-07,7,"Sunny"
2013-01-08,8,"Sunny"
2013-01-09,14,"Rain"
2013-01-10,17,"Rain"
2013-01-11,18,"Rain"
2013-01-12,21,"Sunny"
2013-01-13,19,"Sunny"
2013-01-14,16,"Rain"
2013-01-15,14,"Rain"
2013-01-16,15,"Rain"
2013-01-17,8,"Rain"
2013-01-18,7,"Sunny"
2013-01-19,7,"Sunny"
2013-01-20,11,"Sunny"
2013-01-21,8,"Sunny"
2013-01-22,3,"Sunny"
2013-01-23,6,"Sunny"
2013-01-24,8,"Sunny"
2013-01-25,4,"Rain"
2013-01-26,9,"Rain"
2013-01-27,8,"Sunny"
2013-01-28,11,"Sunny"
2013-01-29,16,"Rain"
2013-01-30,14,"Rain"
2013-01-31,5,"Sunny"
2013-02-01,3,"Sunny"
2013-02-02,5,"Rain"
2013-02-03,8,"Foggy"
2013-02-04,6,"Sunny"
2013-02-05,11,"Sunny"
2013-02-06,13,"Foggy"
2013-02-07,9,"Rain"
2013-02-08,8,"Rain"
2013-02-09,8,"Sunny"
2013-02-10,11,"Rain"
2013-02-11,13,"Rain"
2013-02-12,9,"Rain"
2013-02-13,8,"Rain"
2013-02-14,9,"Sunny"
2013-02-15,10,"Sunny"
2013-02-16,3,"Sunny"
2013-02-17,2,"Sunny"
2013-02-18,7,"Sunny"
2013-02-19,10,"Rain"
2013-02-20,5,"Sunny"
2013-02-21,9,"Rain"
2013-02-22,8,"Rain"
2013-02-23,8,"Rain"
2013-02-24,12,"Sunny"
2013-02-25,7,"Rain"
2013-02-26,9,"Rain"
2013-02-27,11,"Sunny"
2013-02-28,6,"Sunny"
2013-03-01,4,"Sunny"
2013-03-02,3,"Rain"
2013-03-03,2,"Rain"
2013-03-04,7,"Sunny"
2013-03-05,12,"Rain"
2013-03-06,4,"Sunny"
2013-03-07,7,"Sunny"
2013-03-08,9,"Sunny"
2013-03-09,10,"Sunny"
2013-03-10,16,"Sunny"
2013-03-11,14,"Rain"
2013-03-12,9,"Rain"
2013-03-13,8,"Sunny"
2013-03-14,6,"Sunny"
2013-03-15,13,"Sunny"
2013-03-16,18,"Sunny"
2013-03-17,17,"Sunny"
2013-03-18,14,"Rain"
2013-03-19,13,"Rain"
2013-03-20,11,"Sunny"
2013-03-21,5,"Sunny"
2013-03-22,7,"Rain"
2013-03-23,10,"Rain"
2013-03-24,9,"Rain"
2013-03-25,4,"Sunny"
2013-03-26,3,"Sunny"
2013-03-27,6,"Sunny"
2013-03-28,9,"Sunny"
2013-03-29,13,"Sunny"
2013-03-30,17,"Rain"
2013-03-31,17,"Rain"
2013-04-01,18,"Rain"
2013-04-02,14,"Sunny"
2013-04-03,12,"Rain"
2013-04-04,7,"Rain"
2013-04-05,12,"Rain"
2013-04-06,14,"Sunny"
2013-04-07,17,"Sunny"
2013-04-08,19,"Sunny"
2013-04-09,21,"Sunny"
2013-04-10,22,"Sunny"
2013-04-11,21,"Rain"
2013-04-12,17,"Rain"
2013-04-13,17,"Sunny"
2013-04-14,16,"Rain"
2013-04-15,18,"Sunny"
2013-04-16,21,"Sunny"
2013-04-17,23,"Sunny"
2013-04-18,22,"Sunny"
2013-04-19,15,"Rain"
2013-04-20,11,"Sunny"
2013-04-21,13,"Sunny"
2013-04-22,16,"Sunny"
2013-04-23,16,"Sunny"
2013-04-24,19,"Rain"
2013-04-25,14,"Sunny"
2013-04-26,16,"Sunny"
2013-04-27,19,"Rain"
2013-04-28,16,"Rain"
2013-04-29,19,"Rain"
2013-04-30,21,"Foggy"
2013-05-01,19,"Sunny"
2013-05-02,18,"Rain"
2013-05-03,17,"Rain"
2013-05-04,13,"Rain"
2013-05-05,14,"Rain"
2013-05-06,11,"Rain"
2013-05-07,15,"Sunny"
2013-05-08,18,"Rain"
2013-05-09,21,"Sunny"
2013-05-10,21,"Sunny"
2013-05-11,21,"Rain"
2013-05-12,17,"Sunny"
2013-05-13,14,"Sunny"
2013-05-14,18,"Sunny"
2013-05-15,23,"Sunny"
2013-05-16,23,"Sunny"
2013-05-17,23,"Rain"
2013-05-18,21,"Rain"
2013-05-19,21,"Rain"
2013-05-20,23,"Sunny"
2013-05-21,26,"Rain"
2013-05-22,24,"Rain"
2013-05-23,24,"Rain"
2013-05-24,20,"Sunny"
2013-05-25,19,"Sunny"
2013-05-26,21,"Sunny"
2013-05-27,23,"Sunny"
2013-05-28,24,"Sunny"
2013-05-29,23,"Sunny"
2013-05-30,25,"Sunny"
2013-05-31,26,"Sunny"
2013-06-01,25,"Sunny"
2013-06-02,26,"Rain"
2013-06-03,26,"Rain"
2013-06-04,26,"Sunny"
2013-06-05,26,"Rain"
2013-06-06,23,"Rain"
2013-06-07,24,"Rain"
2013-06-08,24,"Sunny"
2013-06-09,24,"Rain"
2013-06-10,23,"Rain"
2013-06-11,27,"Sunny"
2013-06-12,28,"Rain"
2013-06-13,26,"Rain"
2013-06-14,25,"Sunny"
2013-06-15,24,"Sunny"
2013-06-16,25,"Rain"
2013-06-17,25,"Rain"
2013-06-18,25,"Rain"
2013-06-19,24,"Sunny"
2013-06-20,25,"Sunny"
2013-06-21,25,"Sunny"
2013-06-22,25,"Sunny"
2013-06-23,25,"Sunny"
2013-06-24,26,"Rain"
2013-06-25,27,"Sunny"
2013-06-26,27,"Rain"
2013-06-27,27,"Rain"
2013-06-28,28,"Rain"
2013-06-29,27,"Sunny"
2013-06-30,25,"Sunny"
2013-07-01,24,"Sunny"
2013-07-02,25,"Sunny"
2013-07-03,22,"Rain"
2013-07-04,23,"Rain"
2013-07-05,25,"Rain"
2013-07-06,25,"Rain"
2013-07-07,24,"Rain"
2013-07-08,26,"Sunny"
2013-07-09,27,"Rain"
2013-07-10,27,"Rain"
2013-07-11,25,"Rain"
2013-07-12,27,"Rain"
2013-07-13,23,"Rain"
2013-07-14,26,"Rain"
2013-07-15,26,"Rain"
2013-07-16,26,"Foggy"
2013-07-17,27,"Rain"
2013-07-18,26,"Rain"
2013-07-19,28,"Rain"
2013-07-20,26,"Rain"
2013-07-21,27,"Rain"
2013-07-22,26,"Rain"
2013-07-23,25,"Rain"
2013-07-24,26,"Sunny"
2013-07-25,27,"Sunny"
2013-07-26,26,"Rain"
2013-07-27,25,"Rain"
2013-07-28,26,"Sunny"
2013-07-29,26,"Sunny"
2013-07-30,26,"Sunny"
2013-07-31,24,"Rain"
2013-08-01,26,"Rain"
2013-08-02,26,"Sunny"
2013-08-03,26,"Sunny"
2013-08-04,28,"Sunny"
2013-08-05,27,"Sunny"
2013-08-06,27,"Sunny"
2013-08-07,27,"Rain"
2013-08-08,26,"Rain"
2013-08-09,28,"Sunny"
2013-08-10,28,"Rain"
2013-08-11,27,"Sunny"
2013-08-12,27,"Rain"
2013-08-13,27,"Sunny"
2013-08-14,25,"Rain"
2013-08-15,21,"Rain"
2013-08-16,18,"Rain"
2013-08-17,18,"Rain"
2013-08-18,22,"Rain"
2013-08-19,25,"Rain"
2013-08-20,26,"Rain"
2013-08-21,25,"Rain"
2013-08-22,27,"Sunny"
2013-08-23,27,"Sunny"
2013-08-24,25,"Rain"
2013-08-25,23,"Sunny"
2013-08-26,22,"Sunny"
2013-08-27,24,"Sunny"
2013-08-28,26,"Sunny"
2013-08-29,28,"Sunny"
2013-08-30,27,"Sunny"
2013-08-31,27,"Rain"
2013-09-01,27,"Rain"
2013-09-02,25,"Rain"
2013-09-03,27,"Rain"
2013-09-04,27,"Sunny"
2013-09-05,26,"Sunny"
2013-09-06,27,"Sunny"
2013-09-07,26,"Sunny"
2013-09-08,27,"Sunny"
2013-09-09,28,"Sunny"
2013-09-10,27,"Sunny"
2013-09-11,26,"Sunny"
2013-09-12,27,"Sunny"
2013-09-13,25,"Sunny"
2013-09-14,21,"Sunny"
2013-09-15,23,"Sunny"
2013-09-16,27,"Sunny"
2013-09-17,23,"Sunny"
2013-09-18,22,"Sunny"
2013-09-19,23,"Sunny"
2013-09-20,24,"Sunny"
2013-09-21,21,"Rain"
2013-09-22,22,"Sunny"
2013-09-23,22,"Sunny"
2013-09-24,20,"Rain"
2013-09-25,18,"Rain"
2013-09-26,21,"Rain"
2013-09-27,22,"Sunny"
2013-09-28,20,"Sunny"
2013-09-29,19,"Sunny"
2013-09-30,19,"Sunny"
2013-10-01,22,"Sunny"
2013-10-02,22,"Sunny"
2013-10-03,23,"Sunny"
2013-10-04,24,"Sunny"
2013-10-05,23,"Sunny"
2013-10-06,24,"Rain"
2013-10-07,18,"Rain"
2013-10-08,18,"Sunny"
2013-10-09,19,"Sunny"
2013-10-10,21,"Sunny"
2013-10-11,20,"Sunny"
2013-10-12,21,"Sunny"
2013-10-13,22,"Sunny"
2013-10-14,22,"Sunny"
2013-10-15,18,"Sunny"
2013-10-16,19,"Sunny"
2013-10-17,19,"Rain"
2013-10-18,17,"Sunny"
2013-10-19,15,"Rain"
2013-10-20,14,"Foggy"
2013-10-21,16,"Sunny"
2013-10-22,17,"Rain"
2013-10-23,12,"Sunny"
2013-10-24,12,"Sunny"
2013-10-25,8,"Sunny"
2013-10-26,9,"Sunny"
2013-10-27,13,"Sunny"
2013-10-28,16,"Rain"
2013-10-29,19,"Sunny"
2013-10-30,20,"Sunny"
2013-10-31,19,"Sunny"
2013-11-01,19,"Rain"
2013-11-02,15,"Sunny"
2013-11-03,12,"Sunny"
2013-11-04,12,"Sunny"
2013-11-05,12,"Sunny"
2013-11-06,17,"Rain"
2013-11-07,13,"Rain"
2013-11-08,10,"Sunny"
2013-11-09,10,"Sunny"
2013-11-10,16,"Sunny"
2013-11-11,13,"Sunny"
2013-11-12,9,"Sunny"
2013-11-13,4,"Sunny"
2013-11-14,7,"Sunny"
2013-11-15,9,"Rain"
2013-11-16,14,"Foggy"
2013-11-17,18,"Rain"
2013-11-18,17,"Rain"
2013-11-19,11,"Sunny"
2013-11-20,9,"Sunny"
2013-11-21,12,"Rain"
2013-11-22,14,"Rain"
2013-11-23,10,"Rain"
2013-11-24,4,"Sunny"
2013-11-25,3,"Sunny"
2013-11-26,5,"Rain"
2013-11-27,2,"Rain"
2013-11-28,2,"Sunny"
2013-11-29,7,"Sunny"
2013-11-30,7,"Sunny"
2013-12-01,10,"Sunny"
2013-12-02,10,"Rain"
2013-12-03,13,"Rain"
2013-12-04,19,"Rain"
2013-12-05,21,"Rain"
2013-12-06,19,"Rain"
2013-12-07,10,"Rain"
2013-12-08,7,"Rain"
2013-12-09,8,"Rain"
2013-12-10,6,"Rain"
2013-12-11,6,"Sunny"
2013-12-12,4,"Sunny"
2013-12-13,6,"Sunny"
2013-12-14,11,"Rain"
2013-12-15,6,"Rain"
2013-12-16,6,"Sunny"
2013-12-17,10,"Sunny"
2013-12-18,7,"Sunny"
2013-12-19,9,"Sunny"
2013-12-20,9,"Sunny"
2013-12-21,17,"Rain"
2013-12-22,18,"Rain"
2013-12-23,8,"Rain"
2013-12-24,2,"Sunny"
2013-12-25,3,"Sunny"
2013-12-26,7,"Sunny"
2013-12-27,6,"Sunny"
2013-12-28,5,"Rain"
2013-12-29,8,"Rain"
2013-12-30,7,"Sunny"
2013-12-31,4,"Sunny"
2014-01-01,5,"Rain"
2014-01-02,4,"Rain"
2014-01-03,-2,"Rain"
2014-01-04,-1,"Sunny"
2014-01-05,6,"Rain"
2014-01-06,1,"Rain"
2014-01-07,-9,"Sunny"
2014-01-08,0,"Sunny"
2014-01-09,4,"Rain"
2014-01-10,7,"Rain"
2014-01-11,13,"Rain"
2014-01-12,9,"Sunny"
2014-01-13,9,"Rain"
2014-01-14,11,"Rain"
2014-01-15,4,"Rain"
2014-01-16,2,"Sunny"
2014-01-17,6,"Sunny"
2014-01-18,2,"Sunny"
2014-01-19,8,"Sunny"
2014-01-20,11,"Sunny"
2014-01-21,3,"Rain"
2014-01-22,-3,"Sunny"
2014-01-23,-1,"Sunny"
2014-01-24,-4,"Sunny"
2014-01-25,1,"Sunny"
2014-01-26,7,"Sunny"
2014-01-27,8,"Sunny"
2014-01-28,-4,"Rain"
2014-01-29,-7,"Sunny"
2014-01-30,-3,"Sunny"
2014-01-31,4,"Sunny"
2014-02-01,7,"Sunny"
2014-02-02,16,"Rain"
2014-02-03,11,"Rain"
2014-02-04,6,"Rain"
2014-02-05,6,"Rain"
2014-02-06,2,"Sunny"
2014-02-07,4,"Sunny"
2014-02-08,9,"Sunny"
2014-02-09,11,"Sunny"
2014-02-10,7,"Rain"
2014-02-11,3,"Rain"
2014-02-12,0,"Rain"
2014-02-13,3,"Rain"
2014-02-14,7,"Rain"
2014-02-15,5,"Rain"
2014-02-16,8,"Sunny"
2014-02-17,11,"Sunny"
2014-02-18,14,"Rain"
2014-02-19,17,"Sunny"
2014-02-20,19,"Sunny"
2014-02-21,13,"Rain"
2014-02-22,11,"Sunny"
2014-02-23,14,"Sunny"
2014-02-24,12,"Sunny"
2014-02-25,11,"Rain"
2014-02-26,5,"Rain"
2014-02-27,3,"Sunny"
2014-02-28,6,"Rain"
2014-03-01,11,"Sunny"
2014-03-02,16,"Sunny"
2014-03-03,8,"Rain"
2014-03-04,4,"Rain"
2014-03-05,8,"Rain"
2014-03-06,6,"Rain"
2014-03-07,9,"Rain"
2014-03-08,13,"Sunny"
2014-03-09,16,"Sunny"
2014-03-10,16,"Sunny"
2014-03-11,18,"Rain"
2014-03-12,13,"Rain"
2014-03-13,7,"Sunny"
2014-03-14,10,"Sunny"
2014-03-15,15,"Sunny"
2014-03-16,13,"Rain"
2014-03-17,9,"Rain"
2014-03-18,6,"Sunny"
2014-03-19,12,"Rain"
2014-03-20,14,"Sunny"
2014-03-21,13,"Sunny"
2014-03-22,18,"Sunny"
2014-03-23,14,"Rain"
2014-03-24,10,"Sunny"
2014-03-25,7,"Rain"
2014-03-26,5,"Sunny"
2014-03-27,11,"Sunny"
2014-03-28,14,"Rain"
2014-03-29,14,"Rain"
2014-03-30,12,"Sunny"
2014-03-31,16,"Sunny"
2014-04-01,19,"Sunny"
2014-04-02,19,"Sunny"
2014-04-03,21,"Sunny"
2014-04-04,21,"Rain"
2014-04-05,16,"Sunny"
2014-04-06,13,"Rain"
2014-04-07,14,"Rain"
2014-04-08,13,"Sunny"
2014-04-09,14,"Sunny"
2014-04-10,15,"Sunny"
2014-04-11,16,"Sunny"
2014-04-12,19,"Sunny"
2014-04-13,21,"Sunny"
2014-04-14,19,"Rain"
2014-04-15,11,"Rain"
2014-04-16,9,"Sunny"
2014-04-17,12,"Sunny"
2014-04-18,12,"Rain"
2014-04-19,14,"Rain"
2014-04-20,17,"Sunny"
2014-04-21,18,"Sunny"
2014-04-22,19,"Rain"
2014-04-23,19,"Sunny"
2014-04-24,18,"Sunny"
2014-04-25,22,"Sunny"
2014-04-26,19,"Sunny"
2014-04-27,22,"Rain"
2014-04-28,22,"Sunny"
2014-04-29,22,"Rain"
2014-04-30,20,"Rain"
2014-05-01,16,"Sunny"
2014-05-02,17,"Sunny"
2014-05-03,17,"Sunny"
2014-05-04,22,"Sunny"
2014-05-05,24,"Sunny"
2014-05-06,23,"Sunny"
2014-05-07,22,"Sunny"
2014-05-08,24,"Sunny"
2014-05-09,22,"Rain"
2014-05-10,21,"Rain"
2014-05-11,23,"Foggy"
2014-05-12,25,"Sunny"
2014-05-13,25,"Sunny"
2014-05-14,23,"Rain"
2014-05-15,15,"Rain"
2014-05-16,14,"Sunny"
2014-05-17,16,"Sunny"
2014-05-18,15,"Rain"
2014-05-19,18,"Foggy"
2014-05-20,21,"Sunny"
2014-05-21,23,"Sunny"
2014-05-22,24,"Sunny"
2014-05-23,26,"Sunny"
2014-05-24,26,"Sunny"
2014-05-25,26,"Sunny"
2014-05-26,24,"Rain"
2014-05-27,24,"Sunny"
2014-05-28,25,"Rain"
2014-05-29,25,"Sunny"
2014-05-30,25,"Rain"
2014-05-31,26,"Rain"
2014-06-01,24,"Sunny"
2014-06-02,22,"Sunny"
2014-06-03,26,"Sunny"
2014-06-04,26,"Sunny"
2014-06-05,25,"Rain"
2014-06-06,24,"Rain"
2014-06-07,26,"Rain"
2014-06-08,25,"Rain"
2014-06-09,26,"Sunny"
2014-06-10,26,"Rain"
2014-06-11,24,"Rain"
2014-06-12,24,"Rain"
2014-06-13,24,"Rain"
2014-06-14,24,"Foggy"
2014-06-15,27,"Rain"
2014-06-16,27,"Sunny"
2014-06-17,28,"Rain"
2014-06-18,28,"Sunny"
2014-06-19,28,"Sunny"
2014-06-20,28,"Sunny"
2014-06-21,26,"Rain"
2014-06-22,26,"Sunny"
2014-06-23,27,"Rain"
2014-06-24,26,"Rain"
2014-06-25,26,"Rain"
2014-06-26,26,"Rain"
2014-06-27,26,"Sunny"
2014-06-28,26,"Sunny"
2014-06-29,28,"Rain"
2014-06-30,27,"Rain"
2014-07-01,27,"Sunny"
2014-07-02,28,"Sunny"
2014-07-03,26,"Sunny"
2014-07-04,23,"Sunny"
2014-07-05,25,"Sunny"
2014-07-06,26,"Sunny"
2014-07-07,27,"Sunny"
2014-07-08,27,"Sunny"
2014-07-09,28,"Sunny"
2014-07-10,26,"Sunny"
2014-07-11,26,"Rain"
2014-07-12,27,"Sunny"
2014-07-13,27,"Rain"
2014-07-14,27,"Sunny"
2014-07-15,26,"Sunny"
2014-07-16,23,"Sunny"
2014-07-17,23,"Sunny"
2014-07-18,24,"Rain"
2014-07-19,25,"Rain"
2014-07-20,22,"Rain"
2014-07-21,26,"Rain"
2014-07-22,25,"Sunny"
2014-07-23,27,"Rain"
2014-07-24,26,"Rain"
2014-07-25,26,"Sunny"
2014-07-26,27,"Sunny"
2014-07-27,28,"Sunny"
2014-07-28,27,"Rain"
2014-07-29,23,"Sunny"
2014-07-30,22,"Sunny"
2014-07-31,24,"Rain"
2014-08-01,23,"Rain"
2014-08-02,24,"Sunny"
2014-08-03,26,"Sunny"
2014-08-04,27,"Sunny"
2014-08-05,27,"Sunny"
2014-08-06,27,"Sunny"
2014-08-07,28,"Rain"
2014-08-08,27,"Rain"
2014-08-09,27,"Rain"
2014-08-10,26,"Rain"
2014-08-11,26,"Sunny"
2014-08-12,27,"Rain"
2014-08-13,24,"Sunny"
2014-08-14,23,"Sunny"
2014-08-15,25,"Sunny"
2014-08-16,26,"Sunny"
2014-08-17,26,"Rain"
2014-08-18,27,"Rain"
2014-08-19,26,"Rain"
2014-08-20,27,"Rain"
2014-08-21,27,"Sunny"
2014-08-22,29,"Sunny"
2014-08-23,29,"Rain"
2014-08-24,28,"Sunny"
2014-08-25,25,"Sunny"
2014-08-26,24,"Sunny"
2014-08-27,25,"Sunny"
2014-08-28,27,"Sunny"
2014-08-29,27,"Sunny"
2014-08-30,27,"Rain"
2014-08-31,27,"Foggy"
2014-09-01,28,"Sunny"
2014-09-02,27,"Rain"
2014-09-03,28,"Rain"
2014-09-04,25,"Rain"
2014-09-05,27,"Sunny"
2014-09-06,28,"Rain"
2014-09-07,28,"Rain"
2014-09-08,26,"Rain"
2014-09-09,25,"Sunny"
2014-09-10,26,"Sunny"
2014-09-11,27,"Sunny"
2014-09-12,28,"Rain"
2014-09-13,26,"Sunny"
2014-09-14,22,"Sunny"
2014-09-15,23,"Rain"
2014-09-16,26,"Rain"
2014-09-17,25,"Sunny"
2014-09-18,23,"Foggy"
2014-09-19,25,"Sunny"
2014-09-20,24,"Sunny"
2014-09-21,24,"Sunny"
2014-09-22,23,"Rain"
2014-09-23,21,"Sunny"
2014-09-24,19,"Sunny"
2014-09-25,22,"Sunny"
2014-09-26,21,"Rain"
2014-09-27,22,"Sunny"
2014-09-28,21,"Rain"
2014-09-29,21,"Rain"
2014-09-30,24,"Sunny"
2014-10-01,24,"Sunny"
2014-10-02,23,"Sunny"
2014-10-03,22,"Rain"
2014-10-04,14,"Sunny"
2014-10-05,14,"Sunny"
2014-10-06,18,"Sunny"
2014-10-07,21,"Sunny"
2014-10-08,24,"Sunny"
2014-10-09,26,"Rain"
2014-10-10,24,"Sunny"
2014-10-11,26,"Rain"
2014-10-12,24,"Rain"
2014-10-13,23,"Rain"
2014-10-14,19,"Rain"
2014-10-15,17,"Sunny"
2014-10-16,17,"Sunny"
2014-10-17,18,"Sunny"
2014-10-18,19,"Sunny"
2014-10-19,16,"Sunny"
2014-10-20,17,"Sunny"
2014-10-21,18,"Sunny"
2014-10-22,15,"Sunny"
2014-10-23,14,"Sunny"
2014-10-24,17,"Sunny"
2014-10-25,17,"Sunny"
2014-10-26,22,"Sunny"
2014-10-27,22,"Sunny"
2014-10-28,20,"Sunny"
2014-10-29,17,"Rain"
2014-10-30,14,"Sunny"
2014-10-31,11,"Sunny"
2014-11-01,6,"Rain"
2014-11-02,8,"Sunny"
2014-11-03,11,"Sunny"
2014-11-04,14,"Sunny"
2014-11-05,16,"Sunny"
2014-11-06,16,"Rain"
2014-11-07,11,"Sunny"
2014-11-08,11,"Sunny"
2014-11-09,13,"Sunny"
2014-11-10,14,"Sunny"
2014-11-11,14,"Sunny"
2014-11-12,13,"Sunny"
2014-11-13,5,"Sunny"
2014-11-14,2,"Sunny"
2014-11-15,4,"Sunny"
2014-11-16,7,"Rain"
2014-11-17,7,"Rain"
2014-11-18,-1,"Sunny"
2014-11-19,2,"Sunny"
2014-11-20,9,"Sunny"
2014-11-21,11,"Sunny"
2014-11-22,10,"Sunny"
2014-11-23,12,"Rain"
2014-11-24,19,"Sunny"
2014-11-25,13,"Sunny"
2014-11-26,10,"Rain"
2014-11-27,6,"Sunny"
2014-11-28,4,"Sunny"
2014-11-29,8,"Sunny"
2014-11-30,13,"Sunny"
2014-12-01,16,"Sunny"
2014-12-02,16,"Sunny"
2014-12-03,16,"Sunny"
2014-12-04,17,"Rain"
2014-12-05,14,"Sunny"
2014-12-06,14,"Rain"
2014-12-07,11,"Sunny"
2014-12-08,6,"Sunny"
2014-12-09,7,"Sunny"
2014-12-10,6,"Sunny"
2014-12-11,6,"Sunny"
2014-12-12,8,"Sunny"
2014-12-13,10,"Sunny"
2014-12-14,8,"Sunny"
2014-12-15,9,"Sunny"
2014-12-16,11,"Rain"
2014-12-17,7,"Sunny"
2014-12-18,8,"Sunny"
2014-12-19,8,"Rain"
2014-12-20,8,"Rain"
2014-12-21,9,"Rain"
2014-12-22,8,"Rain"
2014-12-23,9,"Rain"
2014-12-24,13,"Rain"
2014-12-25,7,"Sunny"
2014-12-26,8,"Sunny"
2014-12-27,10,"Rain"
2014-12-28,14,"Rain"
2014-12-29,14,"Rain"
2014-12-30,8,"Sunny"
2014-12-31,7,"Sunny"
2015-01-01,7,"Rain"
2015-01-02,8,"Rain"
2015-01-03,13,"Rain"
2015-01-04,13,"Rain"
2015-01-05,5,"Sunny"
2015-01-06,6,"Sunny"
2015-01-07,-2,"Sunny"
2015-01-08,-6,"Sunny"
2015-01-09,0,"Sunny"
2015-01-10,1,"Sunny"
2015-01-11,3,"Rain"
2015-01-12,6,"Rain"
2015-01-13,7,"Rain"
2015-01-14,4,"Rain"
2015-01-15,2,"Rain"
2015-01-16,6,"Sunny"
2015-01-17,7,"Sunny"
2015-01-18,10,"Sunny"
2015-01-19,11,"Sunny"
2015-01-20,13,"Sunny"
2015-01-21,12,"Sunny"
2015-01-22,9,"Rain"
2015-01-23,7,"Rain"
2015-01-24,6,"Rain"
2015-01-25,8,"Rain"
2015-01-26,4,"Rain"
2015-01-27,5,"Sunny"
2015-01-28,7,"Sunny"
2015-01-29,9,"Sunny"
2015-01-30,8,"Sunny"
2015-01-31,6,"Sunny"
2015-02-01,9,"Rain"
2015-02-02,6,"Rain"
2015-02-03,3,"Sunny"
2015-02-04,6,"Sunny"
2015-02-05,5,"Sunny"
2015-02-06,4,"Sunny"
2015-02-07,9,"Sunny"
2015-02-08,12,"Sunny"
2015-02-09,12,"Rain"
2015-02-10,8,"Sunny"
2015-02-11,9,"Sunny"
2015-02-12,4,"Sunny"
2015-02-13,2,"Sunny"
2015-02-14,7,"Sunny"
2015-02-15,2,"Sunny"
2015-02-16,3,"Rain"
2015-02-17,1,"Rain"
2015-02-18,-1,"Sunny"
2015-02-19,-6,"Sunny"
2015-02-20,-3,"Rain"
2015-02-21,7,"Rain"
2015-02-22,10,"Rain"
2015-02-23,6,"Rain"
2015-02-24,2,"Rain"
2015-02-25,2,"Rain"
2015-02-26,3,"Sunny"
2015-02-27,4,"Sunny"
2015-02-28,7,"Rain"
2015-03-01,5,"Rain"
2015-03-02,12,"Rain"
2015-03-03,11,"Rain"
2015-03-04,18,"Rain"
2015-03-05,9,"Rain"
2015-03-06,4,"Sunny"
2015-03-07,8,"Sunny"
2015-03-08,12,"Sunny"
2015-03-09,16,"Rain"
2015-03-10,20,"Sunny"
2015-03-11,18,"Rain"
2015-03-12,17,"Rain"
2015-03-13,11,"Rain"
2015-03-14,15,"Rain"
2015-03-15,19,"Sunny"
2015-03-16,19,"Sunny"
2015-03-17,21,"Sunny"
2015-03-18,18,"Sunny"
2015-03-19,14,"Rain"
2015-03-20,15,"Rain"
2015-03-21,17,"Rain"
2015-03-22,13,"Rain"
2015-03-23,16,"Rain"
2015-03-24,16,"Sunny"
2015-03-25,19,"Rain"
2015-03-26,20,"Sunny"
2015-03-27,12,"Rain"
2015-03-28,7,"Sunny"
2015-03-29,8,"Sunny"
2015-03-30,16,"Rain"
2015-03-31,17,"Rain"
2015-04-01,20,"Rain"
2015-04-02,20,"Rain"
2015-04-03,21,"Sunny"
2015-04-04,17,"Rain"
2015-04-05,14,"Sunny"
2015-04-06,17,"Rain"
2015-04-07,22,"Foggy"
2015-04-08,24,"Sunny"
2015-04-09,24,"Sunny"
2015-04-10,22,"Rain"
2015-04-11,19,"Sunny"
2015-04-12,17,"Rain"
2015-04-13,21,"Rain"
2015-04-14,23,"Rain"
2015-04-15,19,"Rain"
2015-04-16,13,"Rain"
2015-04-17,15,"Rain"
2015-04-18,20,"Rain"
2015-04-19,21,"Rain"
2015-04-20,20,"Sunny"
2015-04-21,16,"Sunny"
2015-04-22,18,"Sunny"
2015-04-23,17,"Rain"
2015-04-24,17,"Sunny"
2015-04-25,21,"Rain"
2015-04-26,21,"Sunny"
2015-04-27,16,"Sunny"
2015-04-28,17,"Rain"
2015-04-29,15,"Rain"
2015-04-30,17,"Sunny"
2015-05-01,15,"Sunny"
2015-05-02,18,"Sunny"
2015-05-03,19,"Sunny"
2015-05-04,21,"Sunny"
2015-05-05,21,"Sunny"
2015-05-06,22,"Sunny"
2015-05-07,23,"Sunny"
2015-05-08,24,"Sunny"
2015-05-09,25,"Sunny"
2015-05-10,26,"Sunny"
2015-05-11,26,"Sunny"
2015-05-12,25,"Sunny"
2015-05-13,23,"Sunny"
2015-05-14,23,"Sunny"
2015-05-15,23,"Sunny"
2015-05-16,24,"Sunny"
2015-05-17,25,"Rain"
2015-05-18,24,"Rain"
2015-05-19,25,"Rain"
2015-05-20,26,"Rain"
2015-05-21,21,"Sunny"
2015-05-22,18,"Sunny"
2015-05-23,22,"Sunny"
2015-05-24,23,"Sunny"
2015-05-25,23,"Rain"
2015-05-26,24,"Rain"
2015-05-27,24,"Sunny"
2015-05-28,23,"Rain"
2015-05-29,24,"Sunny"
2015-05-30,24,"Sunny"
2015-05-31,24,"Rain"
2015-06-01,23,"Rain"
2015-06-02,24,"Rain"
2015-06-03,23,"Rain"
2015-06-04,22,"Sunny"
2015-06-05,24,"Sunny"
2015-06-06,26,"Sunny"
2015-06-07,27,"Sunny"
2015-06-08,27,"Sunny"
2015-06-09,26,"Rain"
2015-06-10,24,"Rain"
2015-06-11,26,"Rain"
2015-06-12,25,"Rain"
2015-06-13,26,"Sunny"
2015-06-14,28,"Sunny"
2015-06-15,29,"Sunny"
2015-06-16,29,"Sunny"
2015-06-17,30,"Sunny"
2015-06-18,29,"Rain"
2015-06-19,28,"Sunny"
2015-06-20,28,"Rain"
2015-06-21,28,"Sunny"
2015-06-22,30,"Sunny"
2015-06-23,30,"Sunny"
2015-06-24,28,"Rain"
2015-06-25,28,"Sunny"
2015-06-26,28,"Sunny"
2015-06-27,26,"Rain"
2015-06-28,24,"Sunny"
2015-06-29,24,"Sunny"
2015-06-30,26,"Rain"
2015-07-01,25,"Rain"
2015-07-02,26,"Rain"
2015-07-03,24,"Rain"
2015-07-04,25,"Rain"
2015-07-05,25,"Rain"
2015-07-06,26,"Rain"
2015-07-07,27,"Sunny"
2015-07-08,28,"Sunny"
2015-07-09,28,"Sunny"
2015-07-10,29,"Sunny"
2015-07-11,28,"Sunny"
2015-07-12,28,"Rain"
2015-07-13,28,"Rain"
2015-07-14,27,"Rain"
2015-07-15,26,"Rain"
2015-07-16,27,"Sunny"
2015-07-17,29,"Sunny"
2015-07-18,29,"Rain"
2015-07-19,28,"Rain"
2015-07-20,29,"Rain"
2015-07-21,29,"Rain"
2015-07-22,28,"Rain"
2015-07-23,27,"Rain"
2015-07-24,28,"Sunny"
2015-07-25,28,"Sunny"
2015-07-26,28,"Sunny"
2015-07-27,29,"Sunny"
2015-07-28,29,"Sunny"
2015-07-29,29,"Rain"
2015-07-30,29,"Rain"
2015-07-31,28,"Rain"
2015-08-01,27,"Sunny"
2015-08-02,28,"Sunny"
2015-08-03,29,"Sunny"
2015-08-04,30,"Sunny"
2015-08-05,29,"Sunny"
2015-08-06,27,"Rain"
2015-08-07,27,"Rain"
2015-08-08,27,"Sunny"
2015-08-09,28,"Rain"
2015-08-10,29,"Rain"
2015-08-11,28,"Rain"
2015-08-12,27,"Sunny"
2015-08-13,27,"Rain"
2015-08-14,27,"Sunny"
2015-08-15,27,"Sunny"
2015-08-16,27,"Sunny"
2015-08-17,27,"Rain"
2015-08-18,27,"Rain"
2015-08-19,27,"Rain"
2015-08-20,27,"Rain"
2015-08-21,27,"Sunny"
2015-08-22,28,"Sunny"
2015-08-23,26,"Rain"
2015-08-24,27,"Sunny"
2015-08-25,23,"Sunny"
2015-08-26,23,"Sunny"
2015-08-27,24,"Sunny"
2015-08-28,25,"Sunny"
2015-08-29,25,"Rain"
2015-08-30,22,"Rain"
2015-08-31,24,"Rain"
2015-09-01,26,"Sunny"
2015-09-02,28,"Sunny"
2015-09-03,27,"Rain"
2015-09-04,27,"Rain"
2015-09-05,26,"Sunny"
2015-09-06,26,"Sunny"
2015-09-07,26,"Rain"
2015-09-08,26,"Rain"
2015-09-09,26,"Rain"
2015-09-10,25,"Rain"
2015-09-11,25,"Sunny"
2015-09-12,21,"Sunny"
2015-09-13,18,"Sunny"
2015-09-14,19,"Sunny"
2015-09-15,21,"Sunny"
2015-09-16,22,"Sunny"
2015-09-17,23,"Sunny"
2015-09-18,23,"Sunny"
2015-09-19,24,"Sunny"
2015-09-20,25,"Sunny"
2015-09-21,22,"Sunny"
2015-09-22,22,"Rain"
2015-09-23,23,"Sunny"
2015-09-24,19,"Rain"
2015-09-25,18,"Rain"
2015-09-26,21,"Rain"
2015-09-27,20,"Rain"
2015-09-28,22,"Rain"
2015-09-29,23,"Rain"
2015-09-30,25,"Foggy"
2015-10-01,21,"Rain"
2015-10-02,17,"Rain"
2015-10-03,17,"Rain"
2015-10-04,19,"Rain"
2015-10-05,21,"Rain"
2015-10-06,20,"Sunny"
2015-10-07,22,"Sunny"
2015-10-08,22,"Sunny"
2015-10-09,22,"Sunny"
2015-10-10,19,"Rain"
2015-10-11,19,"Sunny"
2015-10-12,19,"Foggy"
2015-10-13,21,"Rain"
2015-10-14,18,"Sunny"
2015-10-15,20,"Sunny"
2015-10-16,18,"Sunny"
2015-10-17,14,"Sunny"
2015-10-18,13,"Sunny"
2015-10-19,13,"Sunny"
2015-10-20,14,"Sunny"
2015-10-21,17,"Sunny"
2015-10-22,19,"Sunny"
2015-10-23,21,"Sunny"
2015-10-24,20,"Sunny"
2015-10-25,19,"Rain"
2015-10-26,16,"Rain"
2015-10-27,12,"Rain"
2015-10-28,19,"Rain"
2015-10-29,17,"Sunny"
2015-10-30,15,"Sunny"
2015-10-31,13,"Rain"
2015-11-01,16,"Rain"
2015-11-02,21,"Rain"
2015-11-03,19,"Rain"
2015-11-04,19,"Rain"
2015-11-05,18,"Rain"
2015-11-06,22,"Rain"
2015-11-07,17,"Rain"
2015-11-08,11,"Rain"
2015-11-09,10,"Rain"
2015-11-10,15,"Foggy"
2015-11-11,16,"Sunny"
2015-11-12,16,"Rain"
2015-11-13,12,"Sunny"
2015-11-14,11,"Sunny"
2015-11-15,9,"Sunny"
2015-11-16,13,"Sunny"
2015-11-17,17,"Sunny"
2015-11-18,18,"Rain"
2015-11-19,16,"Rain"
2015-11-20,14,"Sunny"
2015-11-21,11,"Sunny"
2015-11-22,7,"Sunny"
2015-11-23,6,"Sunny"
2015-11-24,8,"Sunny"
2015-11-25,8,"Sunny"
2015-11-26,14,"Sunny"
2015-11-27,16,"Sunny"
2015-11-28,16,"Sunny"
2015-11-29,18,"Sunny"
2015-11-30,19,"Sunny"
2015-12-01,18,"Sunny"
2015-12-02,13,"Rain"
2015-12-03,7,"Sunny"
2015-12-04,9,"Sunny"
2015-12-05,9,"Sunny"
2015-12-06,12,"Sunny"
2015-12-07,13,"Sunny"
2015-12-08,12,"Sunny"
2015-12-09,12,"Sunny"
2015-12-10,15,"Sunny"
2015-12-11,18,"Rain"
2015-12-12,17,"Foggy"
2015-12-13,17,"Sunny"
2015-12-14,16,"Rain"
2015-12-15,16,"Sunny"
2015-12-16,15,"Rain"
2015-12-17,14,"Rain"
2015-12-18,4,"Sunny"
2015-12-19,5,"Sunny"
2015-12-20,7,"Sunny"
2015-12-21,11,"Rain"
2015-12-22,15,"Rain"
2015-12-23,18,"Rain"
2015-12-24,21,"Rain"
2015-12-25,21,"Rain"
2015-12-26,21,"Rain"
2015-12-27,21,"Rain"
2015-12-28,21,"Rain"
2015-12-29,18,"Sunny"
2015-12-30,17,"Rain"
2015-12-31,12,"Rain"
2016-01-01,6,"Sunny"
2016-01-02,5,"Sunny"
2016-01-03,7,"Sunny"
2016-01-04,4,"Sunny"
2016-01-05,2,"Sunny"
2016-01-06,2,"Sunny"
2016-01-07,10,"Sunny"
2016-01-08,11,"Rain"
2016-01-09,9,"Rain"
2016-01-10,6,"Rain"
2016-01-11,1,"Sunny"
2016-01-12,5,"Sunny"
2016-01-13,5,"Sunny"
2016-01-14,8,"Sunny"
2016-01-15,8,"Rain"
2016-01-16,11,"Sunny"
2016-01-17,5,"Rain"
2016-01-18,0,"Sunny"
2016-01-19,-1,"Sunny"
2016-01-20,3,"Rain"
2016-01-21,7,"Rain"
2016-01-22,3,"Rain"
2016-01-23,-1,"Rain"
2016-01-24,3,"Sunny"
2016-01-25,7,"Sunny"
2016-01-26,10,"Rain"
2016-01-27,7,"Rain"
2016-01-28,8,"Sunny"
2016-01-29,9,"Sunny"
2016-01-30,11,"Sunny"
2016-01-31,14,"Sunny"
2016-02-01,17,"Rain"
2016-02-02,18,"Rain"
2016-02-03,16,"Rain"
2016-02-04,7,"Sunny"
2016-02-05,4,"Sunny"
2016-02-06,4,"Sunny"
2016-02-07,6,"Sunny"
2016-02-08,7,"Sunny"
2016-02-09,0,"Rain"
2016-02-10,-1,"Rain"
2016-02-11,6,"Sunny"
2016-02-12,11,"Sunny"
2016-02-13,2,"Sunny"
2016-02-14,3,"Sunny"
2016-02-15,7,"Rain"
2016-02-16,11,"Rain"
2016-02-17,7,"Sunny"
2016-02-18,8,"Sunny"
2016-02-19,12,"Sunny"
2016-02-20,13,"Rain"
2016-02-21,16,"Rain"
2016-02-22,16,"Rain"
2016-02-23,13,"Rain"
2016-02-24,12,"Rain"
2016-02-25,8,"Rain"
2016-02-26,7,"Sunny"
2016-02-27,9,"Sunny"
2016-02-28,12,"Sunny"
2016-02-29,16,"Sunny"
2016-03-01,17,"Rain"
2016-03-02,8,"Sunny"
2016-03-03,6,"Rain"
2016-03-04,8,"Rain"
2016-03-05,9,"Sunny"
2016-03-06,13,"Sunny"
2016-03-07,13,"Sunny"
2016-03-08,16,"Sunny"
2016-03-09,18,"Sunny"
2016-03-10,21,"Sunny"
2016-03-11,22,"Sunny"
2016-03-12,21,"Sunny"
2016-03-13,21,"Rain"
2016-03-14,19,"Sunny"
2016-03-15,21,"Sunny"
2016-03-16,22,"Sunny"
2016-03-17,19,"Sunny"
2016-03-18,18,"Sunny"
2016-03-19,18,"Rain"
2016-03-20,9,"Sunny"
2016-03-21,8,"Sunny"
2016-03-22,12,"Sunny"
2016-03-23,15,"Sunny"
2016-03-24,18,"Rain"
2016-03-25,19,"Sunny"
2016-03-26,17,"Rain"
2016-03-27,18,"Rain"
2016-03-28,17,"Rain"
2016-03-29,15,"Sunny"
2016-03-30,16,"Sunny"
2016-03-31,20,"Rain"
2016-04-01,18,"Rain"
2016-04-02,14,"Sunny"
2016-04-03,15,"Sunny"
2016-04-04,17,"Sunny"
2016-04-05,15,"Sunny"
2016-04-06,13,"Rain"
2016-04-07,16,"Rain"
2016-04-08,13,"Rain"
2016-04-09,12,"Sunny"
2016-04-10,11,"Sunny"
2016-04-11,16,"Rain"
2016-04-12,17,"Rain"
2016-04-13,14,"Rain"
2016-04-14,17,"Rain"
2016-04-15,16,"Rain"
2016-04-16,17,"Sunny"
2016-04-17,16,"Sunny"
2016-04-18,18,"Sunny"
2016-04-19,20,"Sunny"
2016-04-20,22,"Sunny"
2016-04-21,19,"Rain"
2016-04-22,19,"Rain"
2016-04-23,19,"Sunny"
2016-04-24,20,"Sunny"
2016-04-25,22,"Sunny"
2016-04-26,22,"Sunny"
2016-04-27,23,"Rain"
2016-04-28,24,"Sunny"
2016-04-29,24,"Sunny"
2016-04-30,26,"Rain"
2016-05-01,24,"Rain"
2016-05-02,24,"Rain"
2016-05-03,21,"Sunny"
2016-05-04,17,"Rain"
2016-05-05,14,"Rain"
2016-05-06,15,"Sunny"
2016-05-07,18,"Sunny"
2016-05-08,23,"Sunny"
2016-05-09,21,"Rain"
2016-05-10,23,"Sunny"
2016-05-11,24,"Sunny"
2016-05-12,24,"Rain"
2016-05-13,22,"Rain"
2016-05-14,20,"Sunny"
2016-05-15,16,"Sunny"
2016-05-16,18,"Sunny"
2016-05-17,21,"Rain"
2016-05-18,23,"Rain"
2016-05-19,22,"Rain"
2016-05-20,18,"Rain"
2016-05-21,23,"Rain"
2016-05-22,21,"Sunny"
2016-05-23,21,"Sunny"
2016-05-24,23,"Sunny"
2016-05-25,24,"Sunny"
2016-05-26,26,"Rain"
2016-05-27,25,"Sunny"
2016-05-28,25,"Sunny"
2016-05-29,26,"Sunny"
2016-05-30,27,"Sunny"
2016-05-31,28,"Rain"
2016-06-01,28,"Rain"
2016-06-02,26,"Rain"
2016-06-03,27,"Sunny"
2016-06-04,27,"Sunny"
2016-06-05,26,"Rain"
2016-06-06,25,"Rain"
2016-06-07,27,"Rain"
2016-06-08,24,"Sunny"
2016-06-09,24,"Sunny"
2016-06-10,28,"Sunny"
2016-06-11,29,"Sunny"
2016-06-12,29,"Sunny"
2016-06-13,30,"Sunny"
2016-06-14,29,"Rain"
2016-06-15,27,"Sunny"
2016-06-16,28,"Sunny"
2016-06-17,29,"Rain"
2016-06-18,25,"Sunny"
2016-06-19,24,"Sunny"
2016-06-20,24,"Sunny"
2016-06-21,27,"Sunny"
2016-06-22,28,"Sunny"
2016-06-23,28,"Sunny"
2016-06-24,30,"Sunny"
2016-06-25,31,"Sunny"
2016-06-26,27,"Rain"
2016-06-27,28,"Sunny"
2016-06-28,28,"Rain"
2016-06-29,28,"Sunny"
2016-06-30,28,"Rain"
2016-07-01,29,"Sunny"
2016-07-02,29,"Sunny"
2016-07-03,30,"Rain"
2016-07-04,30,"Sunny"
2016-07-05,27,"Rain"
2016-07-06,27,"Rain"
2016-07-07,28,"Sunny"
2016-07-08,31,"Rain"
2016-07-09,29,"Sunny"
2016-07-10,28,"Sunny"
2016-07-11,27,"Rain"
2016-07-12,27,"Rain"
2016-07-13,28,"Sunny"
2016-07-14,28,"Sunny"
2016-07-15,28,"Sunny"
2016-07-16,27,"Sunny"
2016-07-17,29,"Rain"
2016-07-18,29,"Sunny"
2016-07-19,30,"Rain"
2016-07-20,29,"Rain"
2016-07-21,29,"Rain"
2016-07-22,27,"Sunny"
2016-07-23,29,"Sunny"
2016-07-24,30,"Sunny"
2016-07-25,31,"Rain"
2016-07-26,29,"Sunny"
2016-07-27,28,"Sunny"
2016-07-28,28,"Sunny"
2016-07-29,28,"Sunny"
2016-07-30,27,"Rain"
2016-07-31,28,"Rain"
2016-08-01,28,"Rain"
2016-08-02,28,"Rain"
2016-08-03,28,"Sunny"
2016-08-04,29,"Rain"
2016-08-05,29,"Sunny"
2016-08-06,29,"Sunny"
2016-08-07,30,"Rain"
2016-08-08,28,"Rain"
2016-08-09,27,"Rain"
2016-08-10,27,"Rain"
2016-08-11,28,"Sunny"
2016-08-12,29,"Sunny"
2016-08-13,28,"Sunny"
2016-08-14,28,"Sunny"
2016-08-15,28,"Sunny"
2016-08-16,29,"Rain"
2016-08-17,29,"Rain"
2016-08-18,30,"Rain"
2016-08-19,28,"Rain"
2016-08-20,27,"Rain"
2016-08-21,27,"Rain"
2016-08-22,27,"Sunny"
2016-08-23,28,"Sunny"
2016-08-24,26,"Rain"
2016-08-25,28,"Sunny"
2016-08-26,29,"Sunny"
2016-08-27,28,"Sunny"
2016-08-28,28,"Sunny"
2016-08-29,28,"Sunny"
2016-08-30,28,"Sunny"
2016-08-31,29,"Sunny"
2016-09-01,28,"Rain"
2016-09-02,26,"Rain"
2016-09-03,24,"Sunny"
2016-09-04,26,"Sunny"
2016-09-05,26,"Sunny"
2016-09-06,27,"Sunny"
2016-09-07,27,"Sunny"
2016-09-08,28,"Sunny"
2016-09-09,27,"Sunny"
2016-09-10,27,"Sunny"
2016-09-11,28,"Sunny"
2016-09-12,27,"Rain"
2016-09-13,26,"Sunny"
2016-09-14,28,"Sunny"
2016-09-15,28,"Sunny"
2016-09-16,27,"Sunny"
2016-09-17,26,"Sunny"
2016-09-18,24,"Rain"
2016-09-19,26,"Sunny"
2016-09-20,27,"Sunny"
2016-09-21,27,"Sunny"
2016-09-22,27,"Sunny"
2016-09-23,27,"Sunny"
2016-09-24,28,"Sunny"
2016-09-25,27,"Sunny"
2016-09-26,27,"Sunny"
2016-09-27,27,"Rain"
2016-09-28,25,"Sunny"
2016-09-29,21,"Sunny"
2016-09-30,18,"Sunny"
2016-10-01,20,"Sunny"
2016-10-02,21,"Sunny"
2016-10-03,23,"Sunny"
2016-10-04,24,"Sunny"
2016-10-05,23,"Sunny"
2016-10-06,22,"Sunny"
2016-10-07,23,"Rain"
2016-10-08,24,"Sunny"
2016-10-09,19,"Sunny"
2016-10-10,19,"Sunny"
2016-10-11,17,"Sunny"
2016-10-12,18,"Sunny"
2016-10-13,21,"Sunny"
2016-10-14,21,"Sunny"
2016-10-15,22,"Sunny"
2016-10-16,22,"Rain"
2016-10-17,23,"Sunny"
2016-10-18,23,"Sunny"
2016-10-19,25,"Sunny"
2016-10-20,25,"Sunny"
2016-10-21,17,"Sunny"
2016-10-22,14,"Sunny"
2016-10-23,16,"Sunny"
2016-10-24,19,"Sunny"
2016-10-25,19,"Sunny"
2016-10-26,18,"Sunny"
